<?xml version="1.0" encoding="utf-8" standalone="yes" ?>
<rss version="2.0" xmlns:atom="http://www.w3.org/2005/Atom">
  <channel>
    <title>Categories on Embrace Your Duality</title>
    <link>/categories/</link>
    <description>Recent content in Categories on Embrace Your Duality</description>
    <generator>Hugo -- gohugo.io</generator>
    <lastBuildDate>Mon, 06 May 2019 00:00:00 +0000</lastBuildDate>
    
	<atom:link href="/categories/index.xml" rel="self" type="application/rss+xml" />
    
    
    <item>
      <title>rmarkdown</title>
      <link>/categories/rmarkdown/</link>
      <pubDate>Mon, 06 May 2019 00:00:00 +0000</pubDate>
      
      <guid>/categories/rmarkdown/</guid>
      <description></description>
    </item>
    
    <item>
      <title>shiny</title>
      <link>/categories/shiny/</link>
      <pubDate>Mon, 06 May 2019 00:00:00 +0000</pubDate>
      
      <guid>/categories/shiny/</guid>
      <description></description>
    </item>
    
    <item>
      <title>R</title>
      <link>/categories/r/</link>
      <pubDate>Mon, 29 Apr 2019 00:00:00 +0000</pubDate>
      
      <guid>/categories/r/</guid>
      <description></description>
    </item>
    
    <item>
      <title>ggplot</title>
      <link>/categories/ggplot/</link>
      <pubDate>Mon, 29 Apr 2019 00:00:00 +0000</pubDate>
      
      <guid>/categories/ggplot/</guid>
      <description></description>
    </item>
    
  </channel>
</rss>