<?xml version="1.0" encoding="utf-8" standalone="yes" ?>
<rss version="2.0" xmlns:atom="http://www.w3.org/2005/Atom">
  <channel>
    <title>Embrace Your Duality</title>
    <link>/</link>
    <description>Recent content on Embrace Your Duality</description>
    <generator>Hugo -- gohugo.io</generator>
    <lastBuildDate>Mon, 06 May 2019 00:00:00 +0000</lastBuildDate>
    
	<atom:link href="/index.xml" rel="self" type="application/rss+xml" />
    
    
    <item>
      <title>Final Project</title>
      <link>/post/final-project/</link>
      <pubDate>Mon, 06 May 2019 00:00:00 +0000</pubDate>
      
      <guid>/post/final-project/</guid>
      <description>Web link to shiny App: [https://balavigneswaran-kuppusamy.shinyapps.io/network/]   Visit Github Repository: [https://github.com/jlei2821/network_visual_design]
1. Introduction: Domain Problem CharacterizationA high school in Marseille, France has conducted an analysis on historical data studying the influence of different factors on academic performance. The study observes student behavior and rates each student’s peer connections on a scale of 1 to 10. Results show that receiving a high score on peer connections is highly correlated with not only academic excellence of the student while in school, but also superior development after graduation.</description>
    </item>
    
    <item>
      <title>Problem Set 1: Visual Basics I</title>
      <link>/post/problem-set-1/</link>
      <pubDate>Mon, 29 Apr 2019 00:00:00 +0000</pubDate>
      
      <guid>/post/problem-set-1/</guid>
      <description>Life expectancy in 2007Let’s first look at the first few rows of data:
## # A tibble: 6 x 6## country continent year lifeExp pop gdpPercap## &amp;lt;fct&amp;gt; &amp;lt;fct&amp;gt; &amp;lt;int&amp;gt; &amp;lt;dbl&amp;gt; &amp;lt;int&amp;gt; &amp;lt;dbl&amp;gt;## 1 Afghanistan Asia 1952 28.8 8425333 779.## 2 Afghanistan Asia 1957 30.3 9240934 821.## 3 Afghanistan Asia 1962 32.0 10267083 853.## 4 Afghanistan Asia 1967 34.0 11537966 836.## 5 Afghanistan Asia 1972 36.</description>
    </item>
    
    <item>
      <title>Problem Set 2 (Visual Basics II)</title>
      <link>/post/problem-set-2/</link>
      <pubDate>Mon, 29 Apr 2019 00:00:00 +0000</pubDate>
      
      <guid>/post/problem-set-2/</guid>
      <description>Analyzing CMPD Traffic StopsFor this problem set, we’ll examine a data set of stops by the Charlotte-Mecklenburg Police Department (CMPD).
Our focus will be to understand what factors are related to whether someone is searched or not for a traffic stop.
For our data set, you’ll load the csv file we saved in the setup. This should be in your data folder.
Demographics of driversFirst, look at the data using the glimpse() function from dplyr</description>
    </item>
    
    <item>
      <title>About</title>
      <link>/about/</link>
      <pubDate>Thu, 05 May 2016 21:48:51 -0700</pubDate>
      
      <guid>/about/</guid>
      <description>This is a &amp;ldquo;hello world&amp;rdquo; example website for the blogdown package. The theme was forked from @jrutheiser/hugo-lithium-theme and modified by Yihui Xie.</description>
    </item>
    
  </channel>
</rss>